location,lat,lon
"Kalyani Nagar, Pune, Maharashtra, India",18.5462313,73.90395099999999
"Navale Bridge, Katraj-Dehu Road Bypass, Pune, Maharashtra, India",18.45476,73.828041
"Bund Garden Metro Station, Pune, Maharashtra, India",18.5401853,73.883181
"Nalge Vasti, Shirur-Nhavare Road, Pune, Maharashtra, India",18.6627708,74.369084
"""14 Number"" Area, Narayangaon Highway, Pune, Maharashtra, India",18.5246091,73.8786239
"Waghjai Temple, Mulkhed–Maan-Hinjewadi Road, Pune, Maharashtra, India",18.5909041,73.7507266
"Bhaji Mandai Chowk, NDA Road, Uttamnagar, Pune, Maharashtra, India",18.4735982,73.7932857
"Near Adoshi Tunnel, Mumbai-Pune Expressway, Pune, Maharashtra, India",18.7693125,73.4043386
"Mumbai-Bengaluru Highway, Pune, Maharashtra, India",18.5026575,73.7925641
"Near Pavana Dam, Maval, Pune, Maharashtra, India",18.6815532,73.4950678
"Aundh-Baner Road, Pune, Maharashtra, India",18.5631374,73.8099917
"Amrutanjan Bridge, Mumbai-Pune Expressway, Pune, Maharashtra, India",18.7665756,73.3597925
"Ferguson College (FC) Road, Pune, Maharashtra, India",18.5228446,73.83896779999999
"Ravet, Pimpri-Chinchwad, Pune, Maharashtra, India",18.6606495,73.73215850000001
"Mundhwa-Koregaon Park Road, Pune, Maharashtra, India",18.5343675,73.8856909
"Pashan-Sus Road, Pune, Maharashtra, India",18.5454191,73.7777885
"Indapur High Street, Pune-Solapur Highway, Pune, Maharashtra, India",18.5032043,73.9243079
"Katraj-Dehu Road Bypass, Pune, Maharashtra, India",18.5057992,73.7920547
"Junnar Taluka, near Shivneri Fort, Pune, Maharashtra, India",19.2047767,73.8731689
"Hadapsar Flyover, Pune, Maharashtra, India",18.5007158,73.93931359999999
"Borghat Section, Mumbai-Pune Expressway, Pune, Maharashtra, India",18.7693125,73.4043386
"Saswad-Jejuri Road, Pune, Maharashtra, India",18.4842269,73.95366
"Kalyan-Ahmednagar Highway, Otur, Pune, Maharashtra, India",18.5621306,73.923209
"Vishrantwadi Chowk, Pune, Maharashtra, India",18.5723961,73.8786076
"Dehu Road, Pimpri-Chinchwad, Pune, Maharashtra, India",18.6860277,73.74771419999999
"Baramati Airstrip, Pune, Maharashtra, India",18.1791791,74.6077971
"Warje Malwadi, Pune, Maharashtra, India",18.4755101,73.8034283
"Chandni Chowk, Pune, Maharashtra, India",18.506527,73.7794093
"Kharadi-Mundhwa Bridge, Pune, Maharashtra, India",18.5363161,73.9339958
"Swargate Bus Stand Area, Pune, Maharashtra, India",18.500148,73.858616
"Viman Nagar, Pune, Maharashtra, India",18.5678553,73.9143637
"Wagholi, Pune-Ahmednagar Road, Pune, Maharashtra, India",18.5621306,73.923209
"Yerawada, near Golf Course, Pune, Maharashtra, India",18.5529226,73.879711
"Dhanori-Lohegaon Road, Pune, Maharashtra, India",18.5968555,73.8993441
"Senapati Bapat Road, Pune, Maharashtra, India",18.5304378,73.8299152
"Baner-Balewadi Phata, Pune, Maharashtra, India",18.5646935,73.7839334
"Pune-Nashik Highway, Bhosari, Pune, Maharashtra, India",18.6325975,73.8499557
"Koregaon Park Lane 7, Pune, Maharashtra, India",18.4672752,73.9183382
"Shivajinagar Court Road, Pune, Maharashtra, India",18.5281447,73.8548861
"Urse Toll Naka, Mumbai-Pune Expressway, Pune, Maharashtra, India",18.7693125,73.4043386
"Magarpatta City North Gate, Pune, Maharashtra, India",18.5158057,73.9271644
"Station Road, Pune, Maharashtra, India",18.5239689,73.8702973
"Pimple Saudagar, Pune, Maharashtra, India",18.5986763,73.79783479999999
"University Road, Pune, Maharashtra, India",18.5330098,73.8416287
"Paud Road, Mulshi, Pune, Maharashtra, India",18.5073253,73.7882575
"Camp Area (MG Road), Pune, Maharashtra, India",18.5144844,73.8789049
"Akurdi, Pimpri-Chinchwad, Pune, Maharashtra, India",18.6498669,73.7808704
"Hadapsar-Saswad Canal Road, Pune, Maharashtra, India",18.4982693,73.9443823
"Hinjewadi Phase 3, Pune, Maharashtra, India",18.5868397,73.68599499999999
"Talegaon Dabhade, Pune, Maharashtra, India",18.7375763,73.67466259999999
"Kamshet, Old Mumbai-Pune Highway, Pune, Maharashtra, India",18.5523134,73.8494254
"Karve Road, Pune, Maharashtra, India",18.5032615,73.8198444
"Bibwewadi, Pune, Maharashtra, India",18.4690213,73.8640944
"Shirur Highway, Pune, Maharashtra, India",18.2396202,74.2943922
"Model Colony, Pune, Maharashtra, India",18.5324846,73.8374954
"NIBM Road, Kondhwa, Pune, Maharashtra, India",18.4764259,73.8966992
"Shaniwar Peth, Pune, Maharashtra, India",18.5194431,73.85193559999999
"Chakan-Talegaon Road, Pune, Maharashtra, India",18.7386836,73.7529882
"Kiwale, Mumbai-Pune Expressway, Pune, Maharashtra, India",18.6531746,73.731972
"Keshav Nagar, Mundhwa, Pune, Maharashtra, India",18.5330323,73.933003
"Lonavala Exit, Pune, Maharashtra, India",18.5246091,73.8786239
"Shikrapur, Pune-Ahmednagar Road, Pune, Maharashtra, India",18.5621306,73.923209
"Satara Road, Katraj, Pune, Maharashtra, India",18.4571056,73.8585297
"Baner Road, Pune, Maharashtra, India",18.5579383,73.7929099
"Deccan Gymkhana, Pune, Maharashtra, India",18.5165436,73.8366021
"Alandi Road, Pune, Maharashtra, India",18.5754692,73.8766477
"Navale Bridge, Pune, Maharashtra, India",18.459773,73.8236242
"Fatima Nagar, Pune, Maharashtra, India",18.5042104,73.90144389999999
"Race Course Perimeter, Pune, Maharashtra, India",18.5246091,73.8786239
"Phursungi, Pune, Maharashtra, India",18.4726725,73.9784573
"Somatane Phata, Pune, Maharashtra, India",18.7067306,73.69040919999999
"Balewadi High Street, Pune, Maharashtra, India",18.5686574,73.7752909
"Sangamwadi Bridge, Pune, Maharashtra, India",18.5327338,73.8562782
"Khadi Machine Chowk, Pune, Maharashtra, India",18.447036,73.891094
"Wakad Flyover, Pune, Maharashtra, India",18.592042,73.757722
"Sinhagad Road, Pune, Maharashtra, India",18.4676915,73.818635
"Moshi High Street, Pune, Maharashtra, India",18.6630139,73.8362408
"Pashan Road, Pune, Maharashtra, India",18.5397263,73.8132075
"Khalapur Toll Naka, Pune side, Maharashtra, India",18.467954,73.961248
"Market Yard, Pune, Maharashtra, India",18.4876541,73.86836970000002
"Law College Road, Pune, Maharashtra, India",18.5142526,73.8287151
"Ravet, Pune, Maharashtra, India",18.6606495,73.73215850000001
"Pune-Nashik Road, Bhosari, Pune, Maharashtra, India",18.6182375,73.8368617
"Wagholi Chowk, Pune, Maharashtra, India",18.5829876,73.97940899999999
"World Trade Center Road, Pune, Maharashtra, India",18.5526296,73.9485287
"Kothrud, Pune, Maharashtra, India",18.5073514,73.8076543
"Swargate Underpass, Pune, Maharashtra, India",18.523999,73.94205199999999
"Yerawada Bridge, Pune, Maharashtra, India",18.5433215,73.8849071
"Pune-Solapur Highway, Pune, Maharashtra, India",18.5032043,73.9243079
"Chakan MIDC, Pune, Maharashtra, India",18.5204303,73.8567437
"Phase 1 Chowk, Hinjewadi, Pune, Maharashtra, India",18.588307,73.7374885
"Amanora Mall Frontage, Pune, Maharashtra, India",18.518534,73.9350918
"Katraj Ghat, Pune, Maharashtra, India",18.4216354,73.8601013
"Near Pune Railway Station, Pune, Maharashtra, India",18.5212669,73.8689313
"Baner-Pashan Link Road, Pune, Maharashtra, India",18.5491621,73.7912816
"Dehu Road, Pune, Maharashtra, India",18.6860277,73.74771419999999
"Jyoti Chowk, Kondhwa, Pune, Maharashtra, India",18.4748584,73.88527909999999
"Pimpri Chowk, Pune, Maharashtra, India",18.514002,73.8678779
"Pimple Gurav Road, Pune, Maharashtra, India",18.5941065,73.8194144
"Shriram Dhaba, Jejuri-Morgaon Road, Pune, Maharashtra, India",18.5915666,73.74038759999999
"Navale Bridge, Pune-Bengaluru Highway, Pune, Maharashtra, India",18.4506188,73.8609982
"Near Mahadev Kundeshwar Temple, Khed, Pune, Maharashtra, India",18.9101844,73.7151004
"Indrayani River Bridge, near Chikhali, Pune, Maharashtra, India",18.6856266,73.8191946
"Near Medipoint Hospital, Aundh, Pune, Maharashtra, India",18.5650206,73.80242679999999
"Mukai Chowk, Ravet, Pimpri-Chinchwad, Pune, Maharashtra, India",18.6606495,73.73215850000001
"Bhumkar Chowk, Wakad-Hinjewadi Road, Pune, Maharashtra, India",18.5920977,73.7552922
"Handewadi Road, Hadapsar, Pune, Maharashtra, India",18.4805166,73.931239
"Near Kharadi IT Park, Nagar Highway, Pune, Maharashtra, India",18.5512362,73.95073339999999
"Phase II Road, Hinjewadi, Pune, Maharashtra, India",18.5961305,73.7154018
"Bhaji Mandai Chowk, NDA Road, Pune, Maharashtra, India",18.4735982,73.7932857
"Bakori Road, Wagholi, Pune, Maharashtra, India",18.5936066,74.0129981
"Baramati Airfield Perimeter, Pune, Maharashtra, India",18.225071,74.58954179999999
"Near Waghjai Temple, Hinjewadi Road, Pune, Maharashtra, India",18.5909041,73.7507266
"Mumbai-Bengaluru Highway, Bavdhan, Pune, Maharashtra, India",18.5180063,73.7689289
"Grade Separator, Pimpri, Pune, Maharashtra, India",18.6263131,73.805498
"Near Tilekar Nagar, Kondhwa, Pune, Maharashtra, India",18.4470441,73.8816001
"Mumbai-Pune Expressway, Lonavala, Pune, Maharashtra, India",18.7661274,73.4115775
"Shivaji Road, Shaniwar Wada, Pune, Maharashtra, India",18.5195841,73.85542079999999
"Khadki Railway Underpass, Pune, Maharashtra, India",18.5631806,73.8406198
"Punawale-Highway Underpass, Pune, Maharashtra, India",18.6342976,73.7408248
"Triveni Nagar Chowk, Nigdi-Talawade, Pune, Maharashtra, India",18.6685177,73.7856865
"Mumbai-Pune Expressway, Urse, Pune, Maharashtra, India",18.7157143,73.6416542
"Aundh Road-University Junction, Pune, Maharashtra, India",18.5627653,73.8266073
"Jejuri Road, Saswad, Pune, Maharashtra, India",18.4842269,73.95366
"Tamhini Ghat Main Curve, Mulshi, Pune, Maharashtra, India",18.4759109,73.45924169999999
"North Main Road, Koregaon Park, Pune, Maharashtra, India",18.539518,73.89457
"Pashan-Sus Link Road, Pune, Maharashtra, India",18.5426508,73.7899978
"Bibwewadi-Kondhwa Road, Pune, Maharashtra, India",18.4816683,73.8761181
"Moshi-Alandi Road, Pimpri-Chinchwad, Pune, Maharashtra, India",18.6773435,73.862843
"Mumbai-Bengaluru Highway, Warje, Pune, Maharashtra, India",18.4858575,73.7977251
"Senapati Bapat Road, Near Marriott, Pune, Maharashtra, India",18.5304378,73.8299152
"Katraj Tunnel Approach, Pune, Maharashtra, India",18.4004638,73.8498874
"Sinhagad Road, Dhayari, Pune, Maharashtra, India",18.4606623,73.8123814
"Loni Kalbhor Canal, Pune, Maharashtra, India",18.5327354,73.8440761
"Deep Bungalow Chowk, Pune, Maharashtra, India",18.5297503,73.835741
"Pune-Ahmednagar Road, Wadgaon Sheri, Pune, Maharashtra, India",18.5608041,73.9181975
"Varandha Ghat Road, Bhor, Pune, Maharashtra, India",18.1111733,73.6670292
"Lane 7, Kalyani Nagar, Pune, Maharashtra, India",18.5381771,73.8996985
"New Sangvi, Pune, Maharashtra, India",18.5793178,73.8142604
"Phase 3 Main Road, Hinjewadi, Pune, Maharashtra, India",18.623236,73.8695379
"Solapur Road, Fatima Nagar, Pune, Maharashtra, India",18.5064079,73.9052922
"Mumbai-Pune Expressway, Kamshet, Pune, Maharashtra, India",18.7693125,73.4043386
"Talegaon Road, Chakan, Pune, Maharashtra, India",18.7386836,73.7529882
"Pune-Solapur Road, Manjari, Pune, Maharashtra, India",18.1636098,74.9612757
"Mulshi-Pirangut Road, Pune, Maharashtra, India",18.5126904,73.6795585
"Sangamwadi-Yerawada Bridge, Pune, Maharashtra, India",18.5420178,73.8852113
"Expressway Ghat Section, Pune, Maharashtra, India",18.5175304,73.8631881
"Nhavare-Chaufula Road, Shirur, Pune, Maharashtra, India",18.6627708,74.369084
"Pune-Ahmednagar Road, Wagholi, Pune, Maharashtra, India",18.5791693,73.9736629
"Hinjewadi Flyover, Pune, Maharashtra, India",18.5925431,73.7572568
"Bhosari Sector, Pune-Nashik Road, Pune, Maharashtra, India",18.6182375,73.8368617
"Phursungi Main Road, Pune, Maharashtra, India",18.4823192,73.9587208
"Solapur Highway, Hadapsar, Pune, Maharashtra, India",18.5010857,73.9365251
"Pune-Satara Road, Khed Shivapur, Pune, Maharashtra, India",18.1190362,73.9872126
"Mundhwa-Manjari Road, Pune, Maharashtra, India",18.530602,73.9423116
"Chikhali-Pimpri Road, Pune, Maharashtra, India",18.6824723,73.8196095
"Magarpatta City, Hadapsar, Pune, Maharashtra, India",18.5158057,73.9271644
"Expressway Ghats, Pune-Mumbai, Maharashtra, India",18.9581934,72.8320729
"Nagar Road, Wagholi, Pune, Maharashtra, India",18.5770093,73.968678
"Shivar Garden Road, Pune, Maharashtra, India",18.5949626,73.7860994
"Satara Road Exit, Swargate, Pune, Maharashtra, India",18.499538,73.8585313
"Baner Main Road, Pune, Maharashtra, India",18.5579383,73.7929099
"Bhosari, Pune, Maharashtra, India",18.6320627,73.84679779999999
"Fergusson College Road, Pune, Maharashtra, India",18.5175004,73.8416168
"Pune-Solapur Highway, Yavat, Pune, Maharashtra, India",18.4756082,74.2723261
"Camp Area, Pune, Maharashtra, India",18.5258288,73.88056809999999
"Alandi Road Junction, Pune, Maharashtra, India",18.626787,73.8639652
"Kalyani Nagar Junction, Pune, Maharashtra, India",18.5510173,73.9130251
"Alandi Road, Kalas, Pune, Maharashtra, India",18.5871025,73.8752157
"Mundhwa-Kharadi Road, Pune, Maharashtra, India",18.5324891,73.9328965
"Expressway Ghat, Pune side, Maharashtra, India",18.5150696,73.9023924
"Sangamwadi, Pune, Maharashtra, India",18.5349529,73.87618909999999
"Pune-Ahmednagar Road, Shikrapur, Pune, Maharashtra, India",18.5621306,73.923209
"Swargate, Pune, Maharashtra, India",18.5018322,73.8635912
"Satara Road, Pune, Maharashtra, India",18.4775848,73.8572753
"Chakan Industrial Zone, Pune, Maharashtra, India",18.5200229,73.851463
"Main Exit, Pune Railway Station, Pune, Maharashtra, India",18.5284242,73.87386459999999
"Phase 1, Hinjewadi, Pune, Maharashtra, India",18.5904779,73.7271909
"Balewadi Road, Pune, Maharashtra, India",18.5665888,73.7867479
"Solapur Road Flyover, Pune, Maharashtra, India",18.5017449,73.9305685
"Shivajinagar, Pune, Maharashtra, India",18.530263,73.84985879999999
"Wakad Road, Pune, Maharashtra, India",18.5886986,73.7778724
"Lohegaon Road, Pune, Maharashtra, India",18.5943159,73.9376665
"Kothrud Bypass, Pune, Maharashtra, India",18.4991101,73.8191423
"Nashik Highway, Moshi, Pune, Maharashtra, India",18.6720381,73.8484291
"Aundh, Pune, Maharashtra, India",18.5601649,73.8031335
"Jejuri-Morgaon Road, Pune, Maharashtra, India",18.275568,74.2937295
"Navale Bridge Bypass, Pune, Maharashtra, India",18.459773,73.8236242
"Viman Nagar Chowk, Nagar Road, Pune, Maharashtra, India",18.560837,73.9183522
"Mankar Chowk, Wakad BRT Lane, Pune, Maharashtra, India",18.589713,73.774351
"Wadgaon Sheri, Nagar Road, Pune, Maharashtra, India",18.5608041,73.9181975
"Near Bremen Chowk, Aundh Road, Pune, Maharashtra, India",18.559178,73.816039
"Talawade-Triveni Nagar Chowk, Pimpri-Chinchwad, Pune, Maharashtra, India",18.6685177,73.7856865
"Near Jyoti Chowk, Kondhwa, Pune, Maharashtra, India",18.4726176,73.8874548
"Near Katraj Tunnel, Satara Road, Pune, Maharashtra, India",17.7217895,74.2580747
"Paud-Pirangut Road, Mulshi, Pune, Maharashtra, India",18.5130032,73.67793820000001
"Nashik Phata Flyover, Pimpri, Pune, Maharashtra, India",18.6073328,73.8223016
"Near Blue Ridge, Hinjewadi Phase 1, Pune, Maharashtra, India",18.5786825,73.73703309999999
"Vishrantwadi-Alandi Road, Pune, Maharashtra, India",18.5704323,73.8784178
"Tamhini Ghat Section, Mulshi, Pune, Maharashtra, India",18.4759109,73.45924169999999
"Sinhagad Road, near Pu La Deshpande Park, Pune, Maharashtra, India",18.4571619,73.8033639
"Bhor Ghat, Mumbai-Pune Expressway, Pune, Maharashtra, India",18.7693125,73.4043386
"Near Wakad Bridge, Highway, Pune, Maharashtra, India",18.5869809,73.7591762
"Pune Railway Station South Gate, Pune, Maharashtra, India",18.5065995,73.92844769999999
"University Chowk, Ganeshkhind Road, Pune, Maharashtra, India",18.5411856,73.830649
"Near Urse Toll Naka, Expressway, Pune, Maharashtra, India",18.7143346,73.62451949999999
"Near Somatane Phata, Old Highway, Pune, Maharashtra, India",18.7279114,73.6541512
"Near Akurdi Railway Station, Pune, Maharashtra, India",18.6534334,73.7648429
"Near Shaniwar Wada, Pune, Maharashtra, India",18.5263148,73.8517488
"Near Symbiosis Law School, Pune, Maharashtra, India",18.5754928,73.90796379999999
"Magarpatta City Main Road, Pune, Maharashtra, India",18.5735047,73.8195051
"Karve Road, near Deccan, Pune, Maharashtra, India",18.5129387,73.8398418
"Chakan-Ambethan Road, Pune, Maharashtra, India",18.7743656,73.8411211
"Near Deep Bungalow Chowk, Pune, Maharashtra, India",18.5298614,73.83541319999999
"Near Ambegaon, Bypass Highway, Pune, Maharashtra, India",18.4541483,73.8327617
"JM Road near Bal Gandharva, Pune, Maharashtra, India",18.5212065,73.8467797
"Lonikand-Shikrapur Road, Pune, Maharashtra, India",18.7627616,74.0965911
"Koregaon Park Lane 1, Pune, Maharashtra, India",18.5400538,73.9007535
"Khalapur Section (Pune side), Maharashtra, India",18.5150696,73.9023924
"Hinjewadi Phase 3 Road, Pune, Maharashtra, India",18.623236,73.8695379
"Near West End Cinema, Camp, Pune, Maharashtra, India",18.5204303,73.8567437
"Talegaon Dabhade, Expressway, Pune, Maharashtra, India",18.7322566,73.6696667
"Market Yard Chowk, Pune, Maharashtra, India",18.4876541,73.86836970000002
"Bavdhan Flyover, Pune, Maharashtra, India",18.513463,73.76985789999999
"Near Vanaz Metro, Kothrud, Pune, Maharashtra, India",18.5071294,73.8052511
"Katraj Ghat Section, Pune, Maharashtra, India",18.4216354,73.8601013
"Near Lonavala Exit, Pune, Maharashtra, India",18.7779226,73.3983721
"Near Ivy Estate, Wagholi, Pune, Maharashtra, India",18.5839924,74.0032037
"Jedhe Chowk, Swargate, Pune, Maharashtra, India",18.5005978,73.8584993
"Near Phoenix Mall, Viman Nagar, Pune, Maharashtra, India",18.5622429,73.91667559999999
"Baner-Balewadi Road, Pune, Maharashtra, India",18.5699064,73.7811281
"Pune-Ahmednagar Highway, Pune, Maharashtra, India",18.5621306,73.923209
"Near Golf Course, Yerawada, Pune, Maharashtra, India",18.5529226,73.879711
"Dehu Road Cantonment, Pune, Maharashtra, India",18.6860277,73.74771419999999
"Kondhwa, Pune, Maharashtra, India",18.4695088,73.8889779
"Pimpri Grade Separator, Pune, Maharashtra, India",18.6263131,73.805498
"Pune-Paud Road, Mulshi, Pune, Maharashtra, India",18.5073253,73.7882575
"Bhor, Pune, Maharashtra, India",18.1458199,73.8429847
"Pune-Solapur Road, Pune, Maharashtra, India",18.5052652,73.9170244
"Wakad-Hinjewadi Road, Pune, Maharashtra, India",18.5908656,73.7478284
"Mumbai-Pune Expressway, Pune, Maharashtra, India",18.7693125,73.4043386
"Kondhwa-Katraj Road, Pune, Maharashtra, India",18.4530153,73.8891275
"Wagholi, Pune, Maharashtra, India",18.5807719,73.9787063
"Hinjewadi, Pune, Maharashtra, India",18.5912716,73.73890899999999
"Shaniwar Wada Frontage, Pune, Maharashtra, India",18.5195841,73.85542079999999
"Pune-Satara Road, Pune, Maharashtra, India",18.4586515,73.8581337
"Khandoba Mal, Pune, Maharashtra, India",18.6182913,73.85109539999999
"Fatima Nagar Chowk, Pune, Maharashtra, India",18.5064875,73.9011094
"Old Mumbai-Pune Highway, Pune, Maharashtra, India",18.5523134,73.8494254
"Moshi-Chakan Road, Pune, Maharashtra, India",18.7386836,73.7529882
"Camp, Pune, Maharashtra, India",18.4989676,73.8957205
"Bremen Chowk, Pune, Maharashtra, India",18.559178,73.816039
"Rakshak Chowk, Pune, Maharashtra, India",18.582646,73.7976722
"Wadgaon Sheri, Pune, Maharashtra, India",18.5491477,73.918503
"Dehu Road Area, Pune, Maharashtra, India",18.6860277,73.74771419999999
"Mulshi Road, Pune, Maharashtra, India",18.5057781,73.7675512
"Famous Chowk, Pune, Maharashtra, India",18.5797194,73.8120848
"Pashan-Wakad Highway, Pune, Maharashtra, India",18.5886986,73.7778724
"Nalge Vasti, Nhavare-Chaufula National Highway, Pune, Maharashtra, India",18.6627708,74.369084
"Aundh Road, near University Chowk, Pune, Maharashtra, India",18.5627653,73.8266073
"Near Wagholi Phata, Pune-Ahmednagar Road, Pune, Maharashtra, India",18.5936874,73.9230796
"Khandala Ghat Section, Mumbai-Pune Expressway, Pune, Maharashtra, India",18.7693125,73.4043386
"Phase 3 Flyover, Hinjewadi, Pune, Maharashtra, India",18.5868397,73.68599499999999
"Katraj Tunnel Approach Road, Pune, Maharashtra, India",18.4004638,73.8498874
"Khadi Machine Chowk, Kondhwa-Saswad Road, Pune, Maharashtra, India",18.452679,73.889955
"Urse Toll Plaza, Mumbai-Pune Expressway, Pune, Maharashtra, India",18.7040106,73.6419622
"Navale Bridge (Self-Correction Point), Pune, Maharashtra, India",18.459773,73.8236242
"Phursungi IT Park Road, Pune, Maharashtra, India",18.4915119,73.954351
"Senapati Bapat Road, near Marriott Hotel, Pune, Maharashtra, India",18.5304378,73.8299152
"Hadapsar-Solapur Road, Pune, Maharashtra, India",18.1550907,74.9708315
"Karve Road, Nal Stop Chowk, Pune, Maharashtra, India",18.5084403,73.8311303
"Viman Nagar, near Phoenix Mall, Pune, Maharashtra, India",18.5678553,73.9143637
"Loni Kalbhor Canal Road, Pune, Maharashtra, India",18.4878505,74.0234138
"Keshav Nagar, Mundhwa-Manjari Road, Pune, Maharashtra, India",18.5269946,73.9520926
"Koregaon Park, North Main Road, Pune, Maharashtra, India",18.539518,73.89457
"Dhayari Phata, Sinhagad Road, Pune, Maharashtra, India",18.4571619,73.8033639
"Near Chikhali, Pimpri-Chinchwad, Pune, Maharashtra, India",18.6453226,73.83542779999999
"Magarpatta City North Gate Road, Pune, Maharashtra, India",18.5158057,73.9271644
"Model Colony, Deep Bungalow Chowk, Pune, Maharashtra, India",18.529886,73.835027
"Wagholi, near Lexicon International School, Pune, Maharashtra, India",18.5879393,73.9967764
"Pimple Saudagar, Shivar Garden Road, Pune, Maharashtra, India",18.5949626,73.7860994
"Swargate Bus Stand Exit, Pune, Maharashtra, India",18.5000482,73.85901319999999
"Baner Phata, Pune, Maharashtra, India",18.5499924,73.80994179999999
"Bavdhan Flyover, Mumbai-Bengaluru Highway, Pune, Maharashtra, India",18.5180063,73.7689289
"Near Landewadi Chowk, Bhosari, Pune, Maharashtra, India",18.619761,73.840763
"FC Road, near Goodluck Chowk, Pune, Maharashtra, India",18.5175004,73.8416168
"Pune-Solapur Highway, near Yavat, Pune, Maharashtra, India",18.4756082,74.2723261
"Warje Flyover, Pune, Maharashtra, India",18.4805747,73.8039931
"Race Course Road, Camp, Pune, Maharashtra, India",18.5047597,73.8935204
"Katraj-Dehu Road Bypass, Near Ambegaon, Pune, Maharashtra, India",18.5612419,73.7687743
"Kamshet Tunnel, Mumbai-Pune Expressway, Pune, Maharashtra, India",18.7693125,73.4043386
"Ravet, near Mukai Chowk, Pimpri-Chinchwad, Pune, Maharashtra, India",18.6606495,73.73215850000001
"Paud Road, Bhugaon, Pune, Maharashtra, India",18.5008149,73.7509874
"Kharadi-Mundhwa Road, Pune, Maharashtra, India",18.5311287,73.9140811
"Yerawada, near Golf Course Road, Pune, Maharashtra, India",18.553218,73.8848221
"Karve Road, Kothrud, Pune, Maharashtra, India",18.5027444,73.818564
"Near Balajinagar, Satara Road, Pune, Maharashtra, India",18.4646316,73.8602841
"Hinjewadi Phase 1, Shivaji Chowk, Pune, Maharashtra, India",18.5904779,73.7271909
"Pimpri Grade Separator Road, Pune, Maharashtra, India",18.6263131,73.805498
"Near Raj Bhavan Gate, Pune, Maharashtra, India",18.5175318,73.87164899999999
"Datta Mandir Chowk, Viman Nagar, Pune, Maharashtra, India",18.5655222,73.91315759999999
"J.M. Road, Pune, Maharashtra, India",18.5212065,73.8467797
"Urse Toll Naka, Pune side, Maharashtra, India",18.7143346,73.62451949999999
"Bakori Phata, Wagholi, Pune, Maharashtra, India",18.5900482,73.9967144
"Near Infosys Phase 2, Hinjewadi, Pune, Maharashtra, India",18.6002014,73.7066799
"Khandoba Mal, Akurdi, Pune, Maharashtra, India",18.6498669,73.7808704
"Somatane Phata, Mumbai-Pune Expressway, Pune, Maharashtra, India",18.7693125,73.4043386
"M.G. Road near West End, Pune, Maharashtra, India",18.5059014,73.8785409
"Bremen Chowk, Aundh, Pune, Maharashtra, India",18.559178,73.816039
"Manjari Phata, Pune, Maharashtra, India",18.499242,73.95075000000001
"Pimple Saudagar-Rakshak Chowk, Pune, Maharashtra, India",18.582646,73.7976722
"Wadgaon Sheri, Pune-Ahmednagar Road, Pune, Maharashtra, India",18.5608041,73.9181975
"Kalyani Nagar Lane 7, Pune, Maharashtra, India",18.5526825,73.9185547
"Dehu Road Cantonment Area, Pune, Maharashtra, India",18.6860277,73.74771419999999
"Pirangut Road, Mulshi, Pune, Maharashtra, India",18.5128856,73.6786426
"Bhor Ghat, Pune side, Maharashtra, India",18.7719444,73.3655556
"Famous Chowk, New Sangvi, Pune, Maharashtra, India",18.5797194,73.8120848
"Pashan-Wakad Highway Bridge, Pune, Maharashtra, India",18.5886852,73.7779137
"Near Mahadev Kundeshwar Temple, Khed Tehsil, Pune, Maharashtra, India",18.9101844,73.7151004
"Near MediPoint Hospital, Aundh, Pune, Maharashtra, India",18.5650206,73.80242679999999
"Near Amrutanjan Bridge, Mumbai-Pune Expressway, Pune, Maharashtra, India",18.7693125,73.4043386
"Near Goodluck Chowk, FC Road, Pune, Maharashtra, India",18.517786,73.84042
"Near RTO, Pune City, Pune, Maharashtra, India",18.5298607,73.8628042
"Tilak Road, Pune, Maharashtra, India",18.5068302,73.8517489
"Near Kiwale, Mumbai-Pune Highway, Pune, Maharashtra, India",18.6531746,73.731972
"Khadi Machine Chowk, Kondhwa, Pune, Maharashtra, India",18.452679,73.889955
"Sus-Pashan Link Road, Pune, Maharashtra, India",18.5454191,73.7777885
"Wagholi-Bakori Road, Pune, Maharashtra, India",18.5936066,74.0129981
"Sinhagad Road near Pu La Deshpande Park, Pune, Maharashtra, India",18.4571619,73.8033639
"Near Wakad Bridge, Mumbai-Bengaluru Highway, Pune, Maharashtra, India",18.5863816,73.7594119
"Near Pune Railway Station South Gate, Pune, Maharashtra, India",18.5065995,73.92844769999999
"Near Akurdi Railway Station, Pimpri-Chinchwad, Pune, Maharashtra, India",18.6485302,73.76466909999999
"Viman Nagar near Symbiosis Law School, Pune, Maharashtra, India",18.5678553,73.9143637
"Pune-Solapur Highway, near Hadapsar, Pune, Maharashtra, India",18.5010857,73.9365251
"Karve Road, near Deccan Gymkhana, Pune, Maharashtra, India",18.5129387,73.8398418
"Swargate underpass, Pune, Maharashtra, India",18.523999,73.94205199999999
"Model Colony, near Deep Bungalow Chowk, Pune, Maharashtra, India",18.5324846,73.8374954
"Katraj-Dehu Road Bypass near Ambegaon, Pune, Maharashtra, India",18.5612419,73.7687743
"Moshi High Street, Pimpri-Chinchwad, Pune, Maharashtra, India",18.6630139,73.8362408
"Camp, near West End Cinema, Pune, Maharashtra, India",18.5204303,73.8567437
"Kothrud, near Vanaz Metro, Pune, Maharashtra, India",18.5073514,73.8076543
"Lonavala Exit, Pune side, Maharashtra, India",18.5246091,73.8786239
"Near Ivy Estate, Nagar Road, Pune, Maharashtra, India",18.5626928,73.9372291
"Viman Nagar near Phoenix Mall, Pune, Maharashtra, India",18.5678553,73.9143637
"Pune-Ahmednagar Highway, Shikrapur, Pune, Maharashtra, India",18.5621306,73.923209
